路径编号,车型,节点序列,是否可行,总成本,固定成本,能耗成本,碳排成本,等待成本,迟到成本,总距离,违规信息,到达时刻,服务开始时刻,离开时刻
1,fuel_1500,0 -> 8_7 -> 0,True,629.759387809908,400.0,165.76460766911373,36.06197059482277,27.93280954597151,0.0,66.0548965441108,[],"[8.0, 9.420026189368091, 13.107367961519989]","[8.0, 10.816666666666666, 13.107367961519989]","[8.0, 11.15, 13.107367961519989]"
2,fuel_1500,0 -> 62_2 -> 0,True,873.4444320694329,400.0,233.181743755548,50.72851982582097,189.5341684880638,0.0,97.7527149276738,[],"[8.0, 9.706624908930143, 20.89735473061686]","[8.0, 19.183333333333334, 20.89735473061686]","[8.0, 19.516666666666666, 20.89735473061686]"
3,fuel_3000,0 -> 32_1 -> 75_2 -> 45_1 -> 0,True,993.2937037272224,400.0,431.7877120672846,93.93510469290317,67.57088696703465,0.0,174.4687645069138,[],"[8.0, 10.707303380064262, 13.788696897514766, 15.292122040735904, 17.146492453239777]","[8.0, 13.133333333333333, 14.416666666666666, 15.616666666666667, 17.146492453239777]","[8.0, 13.466666666666667, 14.75, 15.950000000000001, 17.146492453239777]"
4,fuel_3000,0 -> 63_2 -> 72_2 -> 0,True,900.5619383248581,400.0,271.64972686901933,59.09720175006636,169.81500970577252,0.0,114.0831097409392,[],"[8.0, 9.675947012535214, 16.916635835509492, 20.72328619691259]","[8.0, 15.866666666666667, 19.216666666666665, 20.72328619691259]","[8.0, 16.2, 19.549999999999997, 20.72328619691259]"
5,fuel_3000,0 -> 31_5 -> 80_1 -> 71_2 -> 0,True,1075.640788427656,400.0,438.079413596275,95.30385981331315,142.25751501806786,0.0,189.7202261288702,[],"[8.0, 9.774114832726305, 18.32649950816933, 19.246342749703636, 21.76020176665528]","[8.0, 16.816666666666666, 18.32649950816933, 19.316666666666666, 21.76020176665528]","[8.0, 17.15, 18.659832841502663, 19.65, 21.76020176665528]"
6,ev_3000,0 -> 70_3 -> 64_1 -> 0,True,600.2205616402869,400.0,167.04994332158338,33.17061831870344,0.0,0.0,246.2546455804197,[],"[8.0, 11.708224817566123, 14.23231886886392, 15.690809197186999]","[8.0, 11.708224817566123, 14.23231886886392, 15.690809197186999]","[8.0, 12.041558150899457, 14.565652202197255, 15.690809197186999]"
7,ev_3000,0 -> 64_4 -> 55_9 -> 0,True,668.3678335595266,400.0,128.05804449084852,25.428111090515138,114.88167797816303,0.0,200.5514762081911,[],"[8.0, 9.699350430360065, 16.623232337398452, 20.115630112957845]","[8.0, 14.15, 17.916666666666668, 20.115630112957845]","[8.0, 14.483333333333334, 18.25, 20.115630112957845]"
8,fuel_3000,0 -> 76_1 -> 31_1 -> 0,True,803.2704883399497,400.0,217.93673035156132,47.41197817786168,137.92177981052671,0.0,94.88316240699154,[],"[8.0, 9.503152289005822, 9.920577676140331, 18.636117238693913]","[8.0, 9.503152289005822, 16.816666666666666, 18.636117238693913]","[8.0, 9.836485622339156, 17.15, 18.636117238693913]"
9,fuel_3000,0 -> 79_2 -> 70_4 -> 0,True,1020.1365736701763,400.0,509.3318071382747,110.80476653190154,0.0,0.0,227.79319661656632,[],"[8.0, 10.169104615481505, 11.617611571879417, 14.98842429083604]","[8.0, 10.169104615481505, 11.617611571879417, 14.98842429083604]","[8.0, 10.502437948814839, 11.95094490521275, 14.98842429083604]"
10,fuel_3000,0 -> 92_1 -> 92_2 -> 2_1 -> 78_1 -> 0,True,923.1221620107833,400.0,289.54076999440736,62.989385251542856,170.592006764833,0.0,133.6074142577256,[],"[8.0, 9.13894640501894, 15.116666666666667, 16.184603564732704, 18.71351635867337, 22.28220996529952]","[8.0, 14.783333333333333, 15.116666666666667, 17.883333333333333, 19.9, 22.28220996529952]","[8.0, 15.116666666666667, 15.450000000000001, 18.216666666666665, 20.23333333333333, 22.28220996529952]"
11,fuel_3000,0 -> 7_1 -> 62_3 -> 0,True,938.7424903681228,400.0,300.3311357224167,65.33682151711524,173.07453312859082,0.0,124.8302733632833,[],"[8.0, 9.947608084409215, 13.265331925827912, 20.89735473061686]","[8.0, 12.683333333333334, 19.183333333333334, 20.89735473061686]","[8.0, 13.016666666666667, 19.516666666666666, 20.89735473061686]"
12,ev_3000,0 -> 56_5 -> 58_1 -> 0,True,594.45029885949,400.0,105.50684074361597,20.95018456595033,67.99327354992374,0.0,159.31775788122502,[],"[8.0, 10.433669655837146, 14.521924364694305, 16.44677548205057]","[8.0, 13.833333333333334, 14.521924364694305, 16.44677548205057]","[8.0, 14.166666666666668, 14.85525769802764, 16.44677548205057]"
13,ev_3000,0 -> 87_1 -> 39_3 -> 57_4 -> 0,True,611.0202344487656,400.0,145.71856448709627,28.934908856843233,29.84036944236525,6.5263916624608065,213.2130519276165,[],"[8.0, 10.824914741351785, 13.116400119863286, 16.11386116658255, 17.299081265216298]","[8.0, 11.3, 14.133333333333333, 16.11386116658255, 17.299081265216298]","[8.0, 11.633333333333335, 14.466666666666667, 16.44719449991588, 17.299081265216298]"
14,fuel_3000,0 -> 16_1 -> 93_1 -> 39_2 -> 62_6 -> 0,True,1080.781999223417,400.0,452.78859702096076,98.50383203653767,129.4895701659185,0.0,185.15993290644838,[],"[8.0, 9.63000228284436, 10.81248621732871, 13.537191690265697, 15.359176917443001, 20.89735473061686]","[8.0, 9.63000228284436, 12.866666666666667, 14.133333333333333, 19.183333333333334, 20.89735473061686]","[8.0, 9.963335616177694, 13.200000000000001, 14.466666666666667, 19.516666666666666, 20.89735473061686]"
15,fuel_3000,0 -> 42_3 -> 54_5 -> 0,True,1016.5429962890285,400.0,398.38017818714195,86.66731984201353,131.49549825987293,0.0,175.3473560653734,[],"[8.0, 9.954216693799426, 11.037675059873592, 20.38151061521864]","[8.0, 10.233333333333333, 17.333333333333332, 20.38151061521864]","[8.0, 10.566666666666666, 17.666666666666664, 20.38151061521864]"
16,ev_1250,0 -> 74_1 -> 0,True,566.1870293121183,400.0,85.88264727803393,17.053465906153505,63.25091612793081,0.0,131.671756907125,[],"[8.0, 10.020787526936793, 14.707188881016803]","[8.0, 13.183333333333334, 14.707188881016803]","[8.0, 13.516666666666667, 14.707188881016803]"
17,fuel_1250,0 -> 44_4 -> 0,True,813.8273791515655,400.0,219.0612606059841,47.65661892197595,147.10949962360547,0.0,92.727800414795,[],"[8.0, 9.661191685486392, 18.659714695124222]","[8.0, 17.016666666666666, 18.659714695124222]","[8.0, 17.349999999999998, 18.659714695124222]"
18,ev_1250,0 -> 46_3 -> 0,True,524.8561711685795,400.0,84.19352961975267,16.718062756507596,23.944578792319255,0.0,130.3961910751898,[],"[8.0, 10.002771060384037, 13.919073457581582]","[8.0, 11.2, 13.919073457581582]","[8.0, 11.533333333333333, 13.919073457581582]"
19,fuel_1250,0 -> 46_2 -> 0,True,798.2409871881771,400.0,307.4178724298588,66.87853596599903,23.944578792319255,0.0,130.3961910751898,[],"[8.0, 10.002771060384037, 13.919073457581582]","[8.0, 11.2, 13.919073457581582]","[8.0, 11.533333333333333, 13.919073457581582]"
20,ev_3000,0 -> 31_4 -> 44_3 -> 0,True,630.280727435317,400.0,74.61383910700066,14.815851649509005,140.85103667880725,0.0,116.1927208388484,[],"[8.0, 9.774114832726305, 17.636448315866843, 19.2794963443244]","[8.0, 16.816666666666666, 17.636448315866843, 19.2794963443244]","[8.0, 17.15, 17.969781649200176, 19.2794963443244]"
21,ev_3000,0 -> 42_4 -> 97_1 -> 48_5 -> 19_1 -> 0,True,732.6782778787817,400.0,205.01891741241792,40.7100063752158,86.94935409114788,0.0,338.3781961566462,[],"[8.0, 9.954216693799426, 11.415422309592596, 14.57516018987104, 18.991066435512877, 23.121674752719464]","[8.0, 10.233333333333333, 13.7, 16.1, 19.25, 23.121674752719464]","[8.0, 10.566666666666666, 14.033333333333333, 16.433333333333334, 19.583333333333332, 23.121674752719464]"
22,ev_3000,0 -> 37_1 -> 48_4 -> 29_1 -> 0,True,635.5970935088949,400.0,145.0019106856065,28.79260500900473,61.802577814283595,0.0,216.5029540800653,[],"[8.0, 9.922379369370475, 13.190734425105322, 17.452470017513832, 19.38820769212652]","[8.0, 9.922379369370475, 16.1, 17.633333333333333, 19.38820769212652]","[8.0, 10.255712702703809, 16.433333333333334, 17.966666666666665, 19.38820769212652]"
23,ev_3000,0 -> 9_2 -> 3_1 -> 89_1 -> 10_3 -> 0,True,667.9292462338974,400.0,105.86047539343015,21.02040476333569,141.04836607713156,0.0,164.8270468846021,[],"[8.0, 9.553886310910663, 11.090956708629156, 15.503641552716902, 17.299097123886703, 21.388097474218537]","[8.0, 10.1, 14.55, 16.183333333333334, 19.666666666666668, 21.388097474218537]","[8.0, 10.433333333333334, 14.883333333333335, 16.516666666666666, 20.0, 21.388097474218537]"
24,fuel_3000,0 -> 5_1 -> 10_2 -> 78_2 -> 0,True,967.5744101613077,400.0,304.0994693717705,66.15661977903216,197.3183210105051,0.0,133.18450959856096,[],"[8.0, 9.600750616141411, 19.882209024283114, 20.631434117354175, 23.013644082653695]","[8.0, 19.466666666666665, 19.882209024283114, 20.631434117354175, 23.013644082653695]","[8.0, 19.799999999999997, 20.215542357616446, 20.964767450687507, 23.013644082653695]"
25,fuel_3000,0 -> 59_1 -> 50_5 -> 0,True,1061.010213471136,400.0,414.77889227857236,90.23484824070835,155.99647295185537,0.0,173.12060561293748,[],"[8.0, 10.479584079838432, 13.120592272568798, 22.474611389273136]","[8.0, 11.25, 20.15, 22.474611389273136]","[8.0, 11.583333333333334, 20.48333333333333, 22.474611389273136]"
26,fuel_3000,0 -> 8_5 -> 8_4 -> 0,True,629.192132932904,400.0,165.29870876251874,35.96061462441366,27.93280954597151,0.0,66.0548965441108,[],"[8.0, 9.420026189368091, 11.15, 13.320749516673697]","[8.0, 10.816666666666666, 11.15, 13.320749516673697]","[8.0, 11.15, 11.483333333333334, 13.320749516673697]"
27,fuel_3000,0 -> 38_1 -> 55_8 -> 0,True,971.06960957999,400.0,354.23202120595965,77.06292019809808,139.7746681759323,0.0,152.19214332730752,[],"[8.0, 10.098740389267935, 11.295859535268784, 20.115630112957845]","[8.0, 10.466666666666667, 17.916666666666668, 20.115630112957845]","[8.0, 10.8, 18.25, 20.115630112957845]"
28,fuel_1500,0 -> 42_1 -> 0,True,765.8905909992609,400.0,295.9290970279492,64.37916118063355,5.582332790678137,0.0,125.1363663342164,[],"[8.0, 9.954216693799426, 13.268140744432337]","[8.0, 10.233333333333333, 13.268140744432337]","[8.0, 10.566666666666666, 13.268140744432337]"
29,fuel_1500,0 -> 65_2 -> 0,True,775.7212433248781,400.0,204.41605569550353,44.47056517827738,126.83462245109716,0.0,86.8745378454326,[],"[8.0, 9.608268877445141, 17.510374828325318]","[8.0, 15.95, 17.510374828325318]","[8.0, 16.28333333333333, 17.510374828325318]"
30,fuel_1500,0 -> 6_1 -> 0,True,685.3617672593914,400.0,198.08764267548733,43.09382349952734,44.18030108437666,0.0,81.2762683367306,[],"[8.0, 9.557651612447835, 13.575373131435178]","[8.0, 11.766666666666667, 13.575373131435178]","[8.0, 12.100000000000001, 13.575373131435178]"
31,ev_1250,0 -> 88_1 -> 84_2 -> 34_1 -> 0,True,643.3134915018261,400.0,124.36339703514851,24.694475758839094,94.25561870783845,0.0,188.3806292795158,[],"[8.0, 9.097468318997603, 13.26856939733662, 18.137848014940523, 20.636410277890928]","[8.0, 10.066666666666666, 16.233333333333334, 18.916666666666668, 20.636410277890928]","[8.0, 10.4, 16.566666666666666, 19.25, 20.636410277890928]"
32,ev_1250,0 -> 44_2 -> 0,True,619.0895464965752,400.0,60.05508451233453,11.92496236063521,147.10949962360547,0.0,92.727800414795,[],"[8.0, 9.661191685486392, 18.659714695124222]","[8.0, 17.016666666666666, 18.659714695124222]","[8.0, 17.349999999999998, 18.659714695124222]"
33,ev_1250,0 -> 69_2 -> 0,True,608.7213264614077,400.0,76.00404169291124,15.091900108107652,117.62538466038879,0.0,117.5249561613834,[],"[8.0, 9.885397433647228, 17.759957007929145]","[8.0, 15.766666666666667, 17.759957007929145]","[8.0, 16.1, 17.759957007929145]"
34,fuel_3000,0 -> 66_2 -> 95_1 -> 52_3 -> 0,True,965.1065764097885,400.0,403.1037874217203,87.6949376170866,74.30785137098167,0.0,177.82378071988938,[],"[8.0, 9.69024646927451, 10.724781994056611, 15.059825437394306, 17.933270421128935]","[8.0, 9.69024646927451, 14.416666666666666, 15.083333333333334, 17.933270421128935]","[8.0, 10.023579802607843, 14.75, 15.416666666666668, 17.933270421128935]"
35,fuel_3000,0 -> 56_2 -> 56_3 -> 0,True,925.414264685059,400.0,375.68992046218295,81.73107067295231,67.99327354992374,0.0,160.90381163327,[],"[8.0, 10.433669655837146, 14.166666666666668, 16.491579260356925]","[8.0, 13.833333333333334, 14.166666666666668, 16.491579260356925]","[8.0, 14.166666666666668, 14.500000000000002, 16.491579260356925]"
36,ev_1250,0 -> 26_1 -> 98_1 -> 71_1 -> 0,True,730.1521785331462,400.0,147.43071617831822,29.274885806993495,153.44657654783452,0.0,221.16577480196702,[],"[8.0, 10.390900461868547, 17.070104044073062, 20.637431433673367, 23.08096653366198]","[8.0, 15.833333333333334, 19.3, 20.637431433673367, 23.08096653366198]","[8.0, 16.166666666666668, 19.633333333333333, 20.9707647670067, 23.08096653366198]"
37,fuel_3000,0 -> 45_2 -> 68_3 -> 0,True,1063.589079204791,400.0,446.0024883076128,97.0275189904952,120.55907190668307,0.0,189.248940011564,[],"[8.0, 9.588713071332513, 18.66199425754105, 20.432856134657513]","[8.0, 15.616666666666667, 18.66199425754105, 20.432856134657513]","[8.0, 15.950000000000001, 18.995327590874382, 20.432856134657513]"
38,fuel_3000,0 -> 86_1 -> 75_3 -> 31_3 -> 0,True,937.3964636830887,400.0,364.5804910478914,79.31422233302715,93.5017503021701,0.0,153.0254520154631,[],"[8.0, 9.324108756771796, 11.828897049188246, 15.505240012264785, 18.636117238693913]","[8.0, 10.1, 14.416666666666666, 16.816666666666666, 18.636117238693913]","[8.0, 10.433333333333334, 14.75, 17.15, 18.636117238693913]"
39,fuel_3000,0 -> 63_4 -> 55_7 -> 0,True,972.0080604599555,400.0,359.67134324115233,78.2462407756754,134.09047644312773,0.0,155.80450824382248,[],"[8.0, 9.675947012535214, 17.402862498641735, 20.115630112957845]","[8.0, 15.866666666666667, 17.916666666666668, 20.115630112957845]","[8.0, 16.2, 18.25, 20.115630112957845]"
40,fuel_3000,0 -> 61_5 -> 4_1 -> 0,True,995.9691771850004,400.0,359.5568645586035,78.22133602102446,158.19097660537238,0.0,151.284455123696,[],"[8.0, 9.852142789957668, 14.00497504644038, 20.80619130237902]","[8.0, 12.283333333333333, 19.483333333333334, 20.80619130237902]","[8.0, 12.616666666666667, 19.816666666666666, 20.80619130237902]"
41,fuel_1500,0 -> 48_2 -> 0,True,742.0516466453744,400.0,172.02358217981887,37.423605976057715,132.60445848949786,0.0,71.557344553077,[],"[8.0, 9.469777075525109, 17.444030290297697]","[8.0, 16.1, 17.444030290297697]","[8.0, 16.433333333333334, 17.444030290297697]"
42,fuel_1500,0 -> 43_1 -> 0,True,768.1823627361861,400.0,181.45258503723554,39.47487873303486,147.25489896591566,0.0,77.177075385153,[],"[8.0, 9.52058838503755, 18.30673835289764]","[8.0, 16.883333333333333, 18.30673835289764]","[8.0, 17.216666666666665, 18.30673835289764]"
43,fuel_3000,0 -> 43_2 -> 77_2 -> 0,True,1057.4482148540515,400.0,406.51012127943864,88.4359830859625,162.50211048865023,0.0,188.6918673078904,[],"[8.0, 9.52058838503755, 18.170972757196605, 22.552567627416778]","[8.0, 16.883333333333333, 18.933333333333334, 22.552567627416778]","[8.0, 17.216666666666665, 19.266666666666666, 22.552567627416778]"
44,fuel_3000,0 -> 64_5 -> 53_5 -> 0,True,852.7405573425484,400.0,251.9933779069759,54.8209772396707,145.92620219590185,0.0,102.6329848540216,[],"[8.0, 9.699350430360065, 15.137672793178178, 18.901797246043387]","[8.0, 14.15, 17.983333333333334, 18.901797246043387]","[8.0, 14.483333333333334, 18.316666666666666, 18.901797246043387]"
45,fuel_1500,0 -> 48_6 -> 0,True,742.0516466453744,400.0,172.02358217981887,37.42360597605771,132.60445848949786,0.0,71.557344553077,[],"[8.0, 9.469777075525109, 17.444030290297697]","[8.0, 16.1, 17.444030290297697]","[8.0, 16.433333333333334, 17.444030290297697]"
46,fuel_1500,0 -> 67_2 -> 0,True,876.7748374024051,400.0,241.73597472419203,52.58948659062236,182.4493760875906,0.0,101.9082835689574,[],"[8.0, 9.744197862287137, 20.639382536284707]","[8.0, 18.866666666666667, 20.639382536284707]","[8.0, 19.2, 20.639382536284707]"
47,fuel_1500,0 -> 54_4 -> 0,True,1082.4755184144014,400.0,454.45887080970806,98.86719889211724,129.14944871257626,0.0,192.21095155748,[],"[8.0, 10.87586089770452, 20.38151061521864]","[8.0, 17.333333333333332, 20.38151061521864]","[8.0, 17.666666666666664, 20.38151061521864]"
48,fuel_3000,0 -> 52_2 -> 55_1 -> 0,True,1053.9854722328043,400.0,437.1699652204541,95.1060099764419,121.70949703590843,0.0,184.16749624514978,[],"[8.0, 10.677620703614808, 16.236904444589772, 20.115630112957845]","[8.0, 15.083333333333334, 17.916666666666668, 20.115630112957845]","[8.0, 15.416666666666668, 18.25, 20.115630112957845]"
49,fuel_3000,0 -> 24_1 -> 55_4 -> 0,True,921.129443721677,400.0,308.06299845598096,67.01888266672789,146.0475625989681,0.0,134.6085862399027,[],"[8.0, 9.674345027204449, 17.789943509513815, 20.115630112957845]","[8.0, 16.85, 17.916666666666668, 20.115630112957845]","[8.0, 17.183333333333334, 18.25, 20.115630112957845]"
50,fuel_1500,0 -> 57_1 -> 0,True,680.6452946483566,400.0,144.01137007408855,31.32956947781305,105.30435509645514,0.0,60.3135829832696,[],"[8.0, 9.368115578510576, 15.799815202211906]","[8.0, 14.633333333333333, 15.799815202211906]","[8.0, 14.966666666666667, 15.799815202211906]"
51,ev_1250,0 -> 27_1 -> 0,True,669.9186377345662,400.0,100.48250297687721,19.95251652098785,149.48361823670123,0.0,156.8079914420778,[],"[8.0, 10.37581908816494, 20.398135472345732]","[8.0, 17.85, 20.398135472345732]","[8.0, 18.183333333333334, 20.398135472345732]"
52,ev_1250,0 -> 27_3 -> 0,True,669.9186377345662,400.0,100.48250297687721,19.952516520987846,149.48361823670123,0.0,156.8079914420778,[],"[8.0, 10.37581908816494, 20.398135472345732]","[8.0, 17.85, 20.398135472345732]","[8.0, 18.183333333333334, 20.398135472345732]"
53,fuel_1500,0 -> 57_2 -> 0,True,680.6452946483566,400.0,144.01137007408855,31.32956947781305,105.30435509645514,0.0,60.3135829832696,[],"[8.0, 9.368115578510576, 15.799815202211906]","[8.0, 14.633333333333333, 15.799815202211906]","[8.0, 14.966666666666667, 15.799815202211906]"
54,fuel_3000,0 -> 7_3 -> 12_2 -> 0,True,809.9497154274295,400.0,265.34826601802433,57.726323496207655,86.87512591319752,0.0,112.9750288979488,[],"[8.0, 9.947608084409215, 13.308635619930909, 16.22814742131657]","[8.0, 12.683333333333334, 14.916666666666666, 16.22814742131657]","[8.0, 13.016666666666667, 15.25, 16.22814742131657]"
55,fuel_1500,0 -> 59_6 -> 0,True,890.4416804577079,400.0,390.15534806185997,84.87801399261662,15.408318403231362,0.0,164.154552852561,[],"[8.0, 10.479584079838432, 14.233163527901397]","[8.0, 11.25, 14.233163527901397]","[8.0, 11.583333333333334, 14.233163527901397]"
56,fuel_3000,0 -> 46_1 -> 63_1 -> 0,True,1017.5244443951237,400.0,460.29055729558274,100.13587807236557,57.098009027175465,0.0,193.60873073141488,[],"[8.0, 10.002771060384037, 14.208995154923857, 17.532764683423654]","[8.0, 11.2, 15.866666666666667, 17.532764683423654]","[8.0, 11.533333333333333, 16.2, 17.532764683423654]"
57,ev_1250,0 -> 90_1 -> 51_3 -> 0,True,654.8049414824026,400.0,108.53693022709133,21.551860566129452,124.71615068918177,0.0,156.2743325023178,[],"[8.0, 10.143253560873816, 15.00427223800043, 19.009564573130966]","[8.0, 13.833333333333334, 17.55, 19.009564573130966]","[8.0, 14.166666666666668, 17.883333333333333, 19.009564573130966]"
58,fuel_1500,0 -> 63_3 -> 0,True,797.6328947096581,400.0,224.89315770587717,48.92534392115177,123.81439308262905,0.0,94.3597395863948,[],"[8.0, 9.675947012535214, 17.532764683423654]","[8.0, 15.866666666666667, 17.532764683423654]","[8.0, 16.2, 17.532764683423654]"
59,fuel_3000,0 -> 49_1 -> 56_4 -> 0,True,869.2357712278267,400.0,320.10315188142863,69.63820934261487,79.49441000378317,0.0,146.5899653948929,[],"[8.0, 9.12527949981084, 14.326825254467481, 16.741770500622035]","[8.0, 13.1, 14.326825254467481, 16.741770500622035]","[8.0, 13.433333333333334, 14.660158587800815, 16.741770500622035]"
60,fuel_1500,0 -> 8_2 -> 0,True,629.759387809908,400.0,165.76460766911373,36.06197059482277,27.93280954597151,0.0,66.0548965441108,[],"[8.0, 9.420026189368091, 13.107367961519989]","[8.0, 10.816666666666666, 13.107367961519989]","[8.0, 11.15, 13.107367961519989]"
61,fuel_1500,0 -> 47_1 -> 0,True,695.3978353264022,400.0,81.72039528218102,17.778212931591955,195.8992271126292,0.0,33.0606074004938,[],"[8.0, 9.121705311035207, 19.716957731645394]","[8.0, 18.916666666666668, 19.716957731645394]","[8.0, 19.25, 19.716957731645394]"
62,fuel_1500,0 -> 50_6 -> 0,True,999.1639727260564,400.0,327.87984871058325,71.33002411732012,199.954099898153,0.0,140.9824863605382,[],"[8.0, 10.152295005092348, 22.474611389273136]","[8.0, 20.15, 22.474611389273136]","[8.0, 20.48333333333333, 22.474611389273136]"
63,fuel_3000,0 -> 57_5 -> 55_3 -> 0,True,1061.8395759818811,400.0,456.65459013893593,99.3448760452714,105.84010979767399,0.0,200.3451450025185,[],"[8.0, 9.368115578510576, 17.889878931605725, 20.115630112957845]","[8.0, 14.633333333333333, 17.916666666666668, 20.115630112957845]","[8.0, 14.966666666666667, 18.25, 20.115630112957845]"
64,fuel_1500,0 -> 7_2 -> 0,True,811.0135357343398,400.0,292.6362303427292,63.66280041312817,54.71450497848238,0.0,124.4054541356592,[],"[8.0, 9.947608084409215, 14.1414899409493]","[8.0, 12.683333333333334, 14.1414899409493]","[8.0, 13.016666666666667, 14.1414899409493]"
65,ev_3000,0 -> 13_1 -> 84_1 -> 62_4 -> 0,True,673.5870602395448,400.0,117.19485390447285,23.271039130482677,133.1211672045893,0.0,176.7926394535698,[],"[8.0, 9.572155288854713, 13.917832044906897, 17.43728763934226, 20.89735473061686]","[8.0, 12.166666666666666, 16.233333333333334, 19.183333333333334, 20.89735473061686]","[8.0, 12.5, 16.566666666666666, 19.516666666666666, 20.89735473061686]"
66,fuel_1250,0 -> 61_1 -> 0,True,774.514620539672,400.0,267.66128957321774,58.22952009894095,48.623810867513306,0.0,113.846992569318,[],"[8.0, 9.852142789957668, 13.96142549037961]","[8.0, 12.283333333333333, 13.96142549037961]","[8.0, 12.616666666666667, 13.96142549037961]"
67,fuel_3000,0 -> 8_6 -> 74_2 -> 0,True,777.8024682533447,400.0,277.839367334359,60.443753559842065,39.51934735914367,0.0,122.0725898638302,[],"[8.0, 9.420026189368091, 12.604006442674725, 14.707188881016803]","[8.0, 10.816666666666666, 13.183333333333334, 14.707188881016803]","[8.0, 11.15, 13.516666666666667, 14.707188881016803]"
68,fuel_3000,0 -> 85_1 -> 11_1 -> 75_1 -> 0,True,941.8589692583294,400.0,415.89587563816656,90.47784716330706,35.48524645685578,0.0,182.2560315590837,[],"[8.0, 9.446942848311886, 10.521611619625913, 14.00718320921941, 16.543676343959863]","[8.0, 9.85, 11.483333333333333, 14.416666666666666, 16.543676343959863]","[8.0, 10.183333333333334, 11.816666666666666, 14.75, 16.543676343959863]"
69,fuel_3000,0 -> 61_2 -> 43_4 -> 0,True,865.2223427672524,400.0,284.6198111726857,61.918834216417835,118.68369737814885,0.0,120.3014477753282,[],"[8.0, 9.852142789957668, 13.380339007801556, 18.30673835289764]","[8.0, 12.283333333333333, 16.883333333333333, 18.30673835289764]","[8.0, 12.616666666666667, 17.216666666666665, 18.30673835289764]"
70,fuel_3000,0 -> 51_2 -> 40_2 -> 0,True,920.013357299588,400.0,295.5839887767547,64.3040831300074,160.125285392826,0.0,128.896740094502,[],"[8.0, 9.543735730358701, 18.860282442691258, 20.731586276996207]","[8.0, 17.55, 18.860282442691258, 20.731586276996207]","[8.0, 17.883333333333333, 19.19361577602459, 20.731586276996207]"
71,fuel_3000,0 -> 42_5 -> 35_2 -> 0,True,936.0421678710472,400.0,419.4397950200097,91.24882426351867,5.582332790678137,19.771215796840647,191.5956697846754,[],"[8.0, 9.954216693799426, 11.26209098260348, 14.639143293482546]","[8.0, 10.233333333333333, 11.26209098260348, 14.639143293482546]","[8.0, 10.566666666666666, 11.595424315936814, 14.639143293482546]"
72,fuel_3000,0 -> 45_3 -> 25_2 -> 0,True,841.2456719369118,400.0,263.38695773376,57.29964229646866,120.55907190668307,0.0,110.80089200385251,[],"[8.0, 9.588713071332513, 16.930336264371398, 18.216809580767357]","[8.0, 15.616666666666667, 16.930336264371398, 18.216809580767357]","[8.0, 15.950000000000001, 17.26366959770473, 18.216809580767357]"
73,fuel_3000,0 -> 60_4 -> 60_2 -> 0,True,536.5422620910373,400.0,91.96878907419207,20.00774359418905,24.56572942265616,0.0,36.748182959378,[],"[8.0, 9.155046862200525, 10.716666666666667, 11.749397089764186]","[8.0, 10.383333333333333, 10.716666666666667, 11.749397089764186]","[8.0, 10.716666666666667, 11.05, 11.749397089764186]"
74,fuel_3000,0 -> 83_1 -> 12_1 -> 77_1 -> 0,True,1138.5595838618478,400.0,493.5351894371338,107.36822376775912,137.656170656955,0.0,228.43190887601196,[],"[8.0, 8.925862207074527, 14.938585063452747, 16.924662593411057, 22.552567627416778]","[8.0, 13.8, 14.938585063452747, 18.933333333333334, 22.552567627416778]","[8.0, 14.133333333333335, 15.27191839678608, 19.266666666666666, 22.552567627416778]"
75,fuel_3000,0 -> 73_1 -> 73_2 -> 0,True,878.861812163915,400.0,341.5302025544107,74.29964873048024,63.03196087902407,0.0,145.4268584882548,[],"[8.0, 10.215068622715464, 13.700000000000001, 15.543976343996068]","[8.0, 13.366666666666667, 13.700000000000001, 15.543976343996068]","[8.0, 13.700000000000001, 14.033333333333335, 15.543976343996068]"
76,fuel_3000,0 -> 60_6 -> 60_3 -> 0,True,536.5422620910373,400.0,91.96878907419207,20.00774359418905,24.56572942265616,0.0,36.748182959378,[],"[8.0, 9.155046862200525, 10.716666666666667, 11.749397089764186]","[8.0, 10.383333333333333, 10.716666666666667, 11.749397089764186]","[8.0, 10.716666666666667, 11.05, 11.749397089764186]"
77,fuel_3000,0 -> 64_6 -> 58_2 -> 0,True,810.1050227440574,400.0,263.71994739471245,57.37208395654616,89.01299139279871,0.0,112.7182170066065,[],"[8.0, 9.699350430360065, 14.574183909174803, 16.528412567072362]","[8.0, 14.15, 14.574183909174803, 16.528412567072362]","[8.0, 14.483333333333334, 14.907517242508137, 16.528412567072362]"
78,fuel_3000,0 -> 79_1 -> 7_4 -> 0,True,911.122678649428,400.0,408.79057781998455,88.93209475819651,13.400006071247077,0.0,173.6333907595852,[],"[8.0, 10.169104615481505, 12.01333302977098, 14.1414899409493]","[8.0, 10.169104615481505, 12.683333333333334, 14.1414899409493]","[8.0, 10.502437948814839, 13.016666666666667, 14.1414899409493]"
79,fuel_1500,0 -> 68_4 -> 0,True,871.1856829900008,400.0,242.87523795180942,52.837332482407106,175.47311255578435,0.0,101.7770208998458,[],"[8.0, 9.743011038877448, 20.287528543783132]","[8.0, 18.516666666666666, 20.287528543783132]","[8.0, 18.849999999999998, 20.287528543783132]"
80,fuel_1500,0 -> 8_1 -> 0,True,629.759387809908,400.0,165.76460766911373,36.06197059482277,27.93280954597151,0.0,66.0548965441108,[],"[8.0, 9.420026189368091, 13.107367961519989]","[8.0, 10.816666666666666, 13.107367961519989]","[8.0, 11.15, 13.107367961519989]"
81,ev_1250,0 -> 36_3 -> 0,True,594.3153341912727,400.0,71.30713380996207,14.159248856837898,108.84895152447264,0.0,110.7586314029998,[],"[8.0, 9.824219090443036, 17.164387449194916]","[8.0, 15.266666666666667, 17.164387449194916]","[8.0, 15.600000000000001, 17.164387449194916]"
82,fuel_3000,0 -> 65_4 -> 53_4 -> 0,True,912.7348083053278,400.0,316.94831006801485,68.95187578621575,126.83462245109716,0.0,131.1617104746046,[],"[8.0, 9.608268877445141, 18.176294323218993, 19.094758235929046]","[8.0, 15.95, 18.176294323218993, 19.094758235929046]","[8.0, 16.28333333333333, 18.509627656552325, 19.094758235929046]"
83,fuel_1500,0 -> 94_1 -> 43_3 -> 0,True,843.2687049020562,400.0,257.3777236460853,55.992337763768276,129.89864349220267,0.0,106.73378843663599,[],"[8.0, 9.747583993490263, 13.357483831899604, 18.30673835289764]","[8.0, 12.716666666666667, 16.883333333333333, 18.30673835289764]","[8.0, 13.05, 17.216666666666665, 18.30673835289764]"
84,fuel_1500,0 -> 59_2 -> 0,True,890.4416804577079,400.0,390.15534806185997,84.87801399261662,15.408318403231362,0.0,164.154552852561,[],"[8.0, 10.479584079838432, 14.233163527901397]","[8.0, 11.25, 14.233163527901397]","[8.0, 11.583333333333334, 14.233163527901397]"
85,fuel_1500,0 -> 66_1 -> 0,True,676.5705411129971,400.0,227.15346826361184,49.41707284938536,0.0,0.0,95.9412595017608,[],"[8.0, 9.69024646927451, 11.378682337943447]","[8.0, 9.69024646927451, 11.378682337943447]","[8.0, 10.023579802607843, 11.378682337943447]"
86,fuel_1500,0 -> 65_1 -> 0,True,775.7212433248781,400.0,204.41605569550353,44.47056517827738,126.83462245109716,0.0,86.8745378454326,[],"[8.0, 9.608268877445141, 17.510374828325318]","[8.0, 15.95, 17.510374828325318]","[8.0, 16.28333333333333, 17.510374828325318]"
87,fuel_1500,0 -> 72_1 -> 0,True,832.6624697554796,400.0,196.95818075081803,42.84810987411522,192.85617913054642,0.0,83.0686627414114,[],"[8.0, 9.573857710139343, 20.72328619691259]","[8.0, 19.216666666666665, 20.72328619691259]","[8.0, 19.549999999999997, 20.72328619691259]"
88,fuel_3000,0 -> 65_3 -> 68_2 -> 0,True,865.0300516489293,400.0,245.9845115507763,53.513752706686944,165.53178739146608,0.0,104.8917974281862,[],"[8.0, 9.608268877445141, 16.58180841964822, 20.287528543783132]","[8.0, 15.95, 18.516666666666666, 20.287528543783132]","[8.0, 16.28333333333333, 18.849999999999998, 20.287528543783132]"
89,fuel_1500,0 -> 60_5 -> 0,True,534.9691555826953,400.0,90.67676210024203,19.726664059797073,24.56572942265616,0.0,36.748182959378,[],"[8.0, 9.155046862200525, 11.235708798861271]","[8.0, 10.383333333333333, 11.235708798861271]","[8.0, 10.716666666666667, 11.235708798861271]"
90,ev_3000,0 -> 33_1 -> 61_4 -> 28_2 -> 0,True,682.2302250137022,400.0,136.08221705110216,27.021447550421602,119.12656041217852,0.0,206.5253014238692,[],"[8.0, 9.866455704284594, 13.37514040534524, 14.393882941773148, 21.515025639271457]","[8.0, 10.766666666666667, 13.37514040534524, 19.45, 21.515025639271457]","[8.0, 11.100000000000001, 13.708473738678574, 19.78333333333333, 21.515025639271457]"
91,fuel_1500,0 -> 6_2 -> 0,True,685.3617672593914,400.0,198.08764267548733,43.09382349952734,44.18030108437666,0.0,81.2762683367306,[],"[8.0, 9.557651612447835, 13.575373131435178]","[8.0, 11.766666666666667, 13.575373131435178]","[8.0, 12.100000000000001, 13.575373131435178]"
92,fuel_1500,0 -> 52_4 -> 0,True,993.1299438751848,400.0,414.7804944819246,90.23519679888965,88.11425259437051,0.0,178.1755458159284,[],"[8.0, 10.677620703614808, 17.933270421128935]","[8.0, 15.083333333333334, 17.933270421128935]","[8.0, 15.416666666666668, 17.933270421128935]"
93,fuel_1500,0 -> 6_3 -> 0,True,685.3617672593914,400.0,198.08764267548733,43.09382349952734,44.18030108437666,0.0,81.2762683367306,[],"[8.0, 9.557651612447835, 13.575373131435178]","[8.0, 11.766666666666667, 13.575373131435178]","[8.0, 12.100000000000001, 13.575373131435178]"
94,fuel_3000,0 -> 81_1 -> 54_2 -> 91_1 -> 0,True,1005.0109060729416,400.0,350.09619769453076,76.16317478228389,144.33812250480213,34.4134110913247,148.4462806373467,[],"[8.0, 9.84976054142656, 18.26072605896968, 18.671601555159828, 20.655777477301065]","[8.0, 17.066666666666666, 18.26072605896968, 18.671601555159828, 20.655777477301065]","[8.0, 17.4, 18.594059392303013, 19.00493488849316, 20.655777477301065]"
95,ev_1250,0 -> 36_2 -> 0,True,594.3153341912727,400.0,71.30713380996207,14.159248856837898,108.84895152447264,0.0,110.7586314029998,[],"[8.0, 9.824219090443036, 17.164387449194916]","[8.0, 15.266666666666667, 17.164387449194916]","[8.0, 15.600000000000001, 17.164387449194916]"
96,fuel_3000,0 -> 30_1 -> 25_1 -> 65_5 -> 0,True,897.3308020171586,400.0,287.0875615706691,62.45569153197388,114.13624711079945,33.651301803716116,122.0473340050536,[],"[8.0, 9.121292702373637, 13.02189494208639, 18.056359369407655, 19.616734197732974]","[8.0, 11.533333333333333, 16.316666666666666, 18.056359369407655, 19.616734197732974]","[8.0, 11.866666666666667, 16.65, 18.389692702740987, 19.616734197732974]"
97,fuel_1500,0 -> 60_7 -> 0,True,534.9691555826953,400.0,90.67676210024203,19.726664059797073,24.56572942265616,0.0,36.748182959378,[],"[8.0, 9.155046862200525, 11.235708798861271]","[8.0, 10.383333333333333, 11.235708798861271]","[8.0, 10.716666666666667, 11.235708798861271]"
98,fuel_3000,0 -> 56_1 -> 67_1 -> 0,True,1013.3020993801547,400.0,378.2130660588572,82.27997917394758,152.8090541473499,0.0,156.8004142492303,[],"[8.0, 10.433669655837146, 14.625877636795359, 20.639382536284707]","[8.0, 13.833333333333334, 18.866666666666667, 20.639382536284707]","[8.0, 14.166666666666668, 19.2, 20.639382536284707]"
99,fuel_1250,0 -> 28_3 -> 0,True,937.3835894780791,400.0,285.0069101900597,62.00304732787824,190.3736319601412,0.0,122.6038152604192,[],"[8.0, 9.93131840199294, 21.515025639271457]","[8.0, 19.45, 21.515025639271457]","[8.0, 19.78333333333333, 21.515025639271457]"
100,fuel_3000,0 -> 63_5 -> 63_6 -> 0,True,797.6328947096581,400.0,224.89315770587717,48.92534392115177,123.81439308262905,0.0,94.3597395863948,[],"[8.0, 9.675947012535214, 16.2, 17.866098016756986]","[8.0, 15.866666666666667, 16.2, 17.866098016756986]","[8.0, 16.2, 16.53333333333333, 17.866098016756986]"
101,fuel_3000,0 -> 8_3 -> 59_3 -> 0,True,940.7471607239365,400.0,386.66977383372296,84.11972983842577,27.93280954597151,42.024847505816254,169.3192060397687,[],"[8.0, 9.420026189368091, 13.490496950116325, 15.481217262741431]","[8.0, 10.816666666666666, 13.490496950116325, 15.481217262741431]","[8.0, 11.15, 13.82383028344966, 15.481217262741431]"
102,fuel_1500,0 -> 82_1 -> 0,True,782.283918190417,400.0,284.6810289352196,61.93215209641299,35.6707371587844,0.0,119.117490178589,[],"[8.0, 9.899796475394114, 13.902750061892004]","[8.0, 11.683333333333334, 13.902750061892004]","[8.0, 12.016666666666667, 13.902750061892004]"
103,fuel_1500,0 -> 47_2 -> 0,True,695.3978353264022,400.0,81.72039528218102,17.778212931591955,195.8992271126292,0.0,33.0606074004938,[],"[8.0, 9.121705311035207, 19.716957731645394]","[8.0, 18.916666666666668, 19.716957731645394]","[8.0, 19.25, 19.716957731645394]"
104,fuel_1500,0 -> 52_5 -> 0,True,993.1299438751848,400.0,414.7804944819246,90.23519679888965,88.11425259437051,0.0,178.1755458159284,[],"[8.0, 10.677620703614808, 17.933270421128935]","[8.0, 15.083333333333334, 17.933270421128935]","[8.0, 15.416666666666668, 17.933270421128935]"
105,fuel_1500,0 -> 64_3 -> 0,True,768.5713189546357,400.0,229.60740298693332,49.95092457490374,89.01299139279871,0.0,96.9481575978232,[],"[8.0, 9.699350430360065, 15.562215031984321]","[8.0, 14.15, 15.562215031984321]","[8.0, 14.483333333333334, 15.562215031984321]"
106,fuel_3000,0 -> 70_1 -> 54_3 -> 0,True,1147.9862400216348,400.0,539.3551927847152,117.33633238038573,91.2947148565339,0.0,223.47106549903836,[],"[8.0, 11.708224817566123, 12.768597590506637, 20.38151061521864]","[8.0, 11.708224817566123, 17.333333333333332, 20.38151061521864]","[8.0, 12.041558150899457, 17.666666666666664, 20.38151061521864]"
107,fuel_3000,0 -> 42_2 -> 62_1 -> 0,True,963.4986473785356,400.0,329.1616763679681,71.60888479776472,162.72808621280274,0.0,138.3265570737846,[],"[8.0, 9.954216693799426, 11.326045662227104, 20.89735473061686]","[8.0, 10.233333333333333, 19.183333333333334, 20.89735473061686]","[8.0, 10.566666666666666, 19.516666666666666, 20.89735473061686]"
108,fuel_3000,0 -> 64_2 -> 45_4 -> 0,True,814.0520419723636,400.0,252.68290495559359,54.97098335075336,106.39815366601655,0.0,105.43327129148551,[],"[8.0, 9.699350430360065, 14.747408553005775, 17.146492453239777]","[8.0, 14.15, 15.616666666666667, 17.146492453239777]","[8.0, 14.483333333333334, 15.950000000000001, 17.146492453239777]"
109,fuel_3000,0 -> 49_3 -> 31_2 -> 0,True,852.5728057277848,400.0,265.4882526681,57.7567774907586,129.32777556892617,0.0,118.645584135017,[],"[8.0, 9.12527949981084, 14.324998388409517, 18.636117238693913]","[8.0, 13.1, 16.816666666666666, 18.636117238693913]","[8.0, 13.433333333333334, 17.15, 18.636117238693913]"
110,fuel_3000,0 -> 9_1 -> 57_3 -> 0,True,796.3254785178754,400.0,275.48869663972437,59.93236684913216,60.90441502901889,0.0,114.5621219405173,[],"[8.0, 9.553886310910663, 12.134226270971725, 15.799815202211906]","[8.0, 10.1, 14.633333333333333, 15.799815202211906]","[8.0, 10.433333333333334, 14.966666666666667, 15.799815202211906]"
111,fuel_1500,0 -> 55_2 -> 0,True,933.2185963418278,400.0,308.3392280380382,67.07897621266414,157.80039209112562,0.0,132.0866119974154,[],"[8.0, 10.026647062110387, 20.115630112957845]","[8.0, 17.916666666666668, 20.115630112957845]","[8.0, 18.25, 20.115630112957845]"
112,fuel_1500,0 -> 41_1 -> 0,True,774.0603747756858,400.0,261.26771545199006,56.83860266971644,55.95405665397923,0.0,112.0207333701614,[],"[8.0, 9.835630500634371, 14.006938517512008]","[8.0, 12.633333333333333, 14.006938517512008]","[8.0, 12.966666666666667, 14.006938517512008]"
113,fuel_1500,0 -> 59_5 -> 0,True,890.4416804577079,400.0,390.15534806185997,84.87801399261662,15.408318403231362,0.0,164.154552852561,[],"[8.0, 10.479584079838432, 14.233163527901397]","[8.0, 11.25, 14.233163527901397]","[8.0, 11.583333333333334, 14.233163527901397]"
114,fuel_1500,0 -> 50_1 -> 0,True,999.1639727260564,400.0,327.8798487105833,71.33002411732014,199.954099898153,0.0,140.9824863605382,[],"[8.0, 10.152295005092348, 22.474611389273136]","[8.0, 20.15, 22.474611389273136]","[8.0, 20.48333333333333, 22.474611389273136]"
115,ev_1250,0 -> 28_1 -> 0,True,684.6988359421312,400.0,78.69831075240424,15.626893229585633,190.3736319601412,0.0,122.6038152604192,[],"[8.0, 9.93131840199294, 21.515025639271457]","[8.0, 19.45, 21.515025639271457]","[8.0, 19.78333333333333, 21.515025639271457]"
116,fuel_1500,0 -> 55_5 -> 0,True,933.2185963418278,400.0,308.3392280380382,67.07897621266414,157.80039209112562,0.0,132.0866119974154,[],"[8.0, 10.026647062110387, 20.115630112957845]","[8.0, 17.916666666666668, 20.115630112957845]","[8.0, 18.25, 20.115630112957845]"
117,fuel_1500,0 -> 53_2 -> 0,True,699.2233550723372,400.0,101.43634536515532,22.06740362277042,175.7196060844114,0.0,41.4272450198718,[],"[8.0, 9.197353029112765, 18.901797246043387]","[8.0, 17.983333333333334, 18.901797246043387]","[8.0, 18.316666666666666, 18.901797246043387]"
118,ev_1250,0 -> 69_1 -> 0,True,608.7213264614077,400.0,76.00404169291124,15.091900108107652,117.62538466038879,0.0,117.5249561613834,[],"[8.0, 9.885397433647228, 17.759957007929145]","[8.0, 15.766666666666667, 17.759957007929145]","[8.0, 16.1, 17.759957007929145]"
119,fuel_1500,0 -> 49_2 -> 0,True,580.4671685256892,400.0,82.9311473524728,18.04161116943316,79.49441000378317,0.0,33.455912679079,[],"[8.0, 9.12527949981084, 13.735828023017593]","[8.0, 13.1, 13.735828023017593]","[8.0, 13.433333333333334, 13.735828023017593]"
120,fuel_1500,0 -> 55_6 -> 0,True,933.2185963418278,400.0,308.3392280380382,67.07897621266414,157.80039209112562,0.0,132.0866119974154,[],"[8.0, 10.026647062110387, 20.115630112957845]","[8.0, 17.916666666666668, 20.115630112957845]","[8.0, 18.25, 20.115630112957845]"
121,fuel_1500,0 -> 41_2 -> 0,True,774.0603747756858,400.0,261.26771545199006,56.83860266971644,55.95405665397923,0.0,112.0207333701614,[],"[8.0, 9.835630500634371, 14.006938517512008]","[8.0, 12.633333333333333, 14.006938517512008]","[8.0, 12.966666666666667, 14.006938517512008]"
122,fuel_1500,0 -> 7_5 -> 0,True,811.0135357343398,400.0,292.6362303427292,63.66280041312817,54.71450497848238,0.0,124.4054541356592,[],"[8.0, 9.947608084409215, 14.1414899409493]","[8.0, 12.683333333333334, 14.1414899409493]","[8.0, 13.016666666666667, 14.1414899409493]"
123,fuel_1500,0 -> 50_4 -> 0,True,999.1639727260564,400.0,327.8798487105833,71.33002411732014,199.954099898153,0.0,140.9824863605382,[],"[8.0, 10.152295005092348, 22.474611389273136]","[8.0, 20.15, 22.474611389273136]","[8.0, 20.48333333333333, 22.474611389273136]"
124,ev_1250,0 -> 61_3 -> 0,True,537.3435540696277,400.0,74.0215088400618,14.698234362052517,48.623810867513306,0.0,113.846992569318,[],"[8.0, 9.852142789957668, 13.96142549037961]","[8.0, 12.283333333333333, 13.96142549037961]","[8.0, 12.616666666666667, 13.96142549037961]"
125,fuel_1500,0 -> 53_1 -> 0,True,699.2233550723372,400.0,101.43634536515532,22.06740362277042,175.7196060844114,0.0,41.4272450198718,[],"[8.0, 9.197353029112765, 18.901797246043387]","[8.0, 17.983333333333334, 18.901797246043387]","[8.0, 18.316666666666666, 18.901797246043387]"
126,ev_1250,0 -> 27_2 -> 0,True,669.9186377345662,400.0,100.48250297687721,19.95251652098785,149.48361823670123,0.0,156.8079914420778,[],"[8.0, 10.37581908816494, 20.398135472345732]","[8.0, 17.85, 20.398135472345732]","[8.0, 18.183333333333334, 20.398135472345732]"
127,fuel_1500,0 -> 60_1 -> 0,True,534.9691555826953,400.0,90.67676210024203,19.726664059797073,24.56572942265616,0.0,36.748182959378,[],"[8.0, 9.155046862200525, 11.235708798861271]","[8.0, 10.383333333333333, 11.235708798861271]","[8.0, 10.716666666666667, 11.235708798861271]"
128,fuel_1500,0 -> 51_1 -> 0,True,784.6835065132261,400.0,184.43460590318386,40.123615217216305,160.125285392826,0.0,79.7371717776724,[],"[8.0, 9.543735730358701, 19.009564573130966]","[8.0, 17.55, 19.009564573130966]","[8.0, 17.883333333333333, 19.009564573130966]"
129,fuel_3000,0 -> 74_3 -> 48_1 -> 0,True,879.0534508988787,400.0,306.7348490815206,66.72994473021177,105.58865708714632,0.0,127.4090303112035,[],"[8.0, 10.020787526936793, 13.983112952039226, 17.444030290297697]","[8.0, 13.183333333333334, 16.1, 17.444030290297697]","[8.0, 13.516666666666667, 16.433333333333334, 17.444030290297697]"
130,fuel_1500,0 -> 68_5 -> 0,True,871.1856829900008,400.0,242.87523795180942,52.837332482407106,175.47311255578435,0.0,101.7770208998458,[],"[8.0, 9.743011038877448, 20.287528543783132]","[8.0, 18.516666666666666, 20.287528543783132]","[8.0, 18.849999999999998, 20.287528543783132]"
131,fuel_3000,0 -> 53_3 -> 50_3 -> 0,True,975.957555550618,400.0,323.6103800676506,70.40120429973706,181.9459711832304,0.0,145.08419946529528,[],"[8.0, 9.197353029112765, 19.83868174505905, 22.474611389273136]","[8.0, 17.983333333333334, 20.15, 22.474611389273136]","[8.0, 18.316666666666666, 20.48333333333333, 22.474611389273136]"
132,fuel_3000,0 -> 39_1 -> 52_1 -> 0,True,1043.8114576477187,400.0,470.03802632786676,102.25643291551901,71.5169984043331,0.0,201.1381826569072,[],"[8.0, 10.903522093621909, 14.737294652828103, 17.933270421128935]","[8.0, 14.133333333333333, 15.083333333333334, 17.933270421128935]","[8.0, 14.466666666666667, 15.416666666666668, 17.933270421128935]"
133,fuel_3000,0 -> 48_3 -> 62_5 -> 0,True,932.417273951444,400.0,304.1220953998869,66.16154205509628,162.13363649646084,0.0,129.7383846680509,[],"[8.0, 9.469777075525109, 17.706874432985185, 20.89735473061686]","[8.0, 16.1, 19.183333333333334, 20.89735473061686]","[8.0, 16.433333333333334, 19.516666666666666, 20.89735473061686]"
134,fuel_3000,0 -> 54_1 -> 10_1 -> 0,True,1063.0757047008574,400.0,418.1956325523216,90.97815761787072,153.90191453066515,0.0,172.232261868059,[],"[8.0, 10.87586089770452, 18.429043375762223, 21.388097474218537]","[8.0, 17.333333333333332, 19.666666666666668, 21.388097474218537]","[8.0, 17.666666666666664, 20.0, 21.388097474218537]"
135,fuel_3000,0 -> 36_1 -> 68_1 -> 0,True,973.9156508242583,400.0,354.89405666202936,77.20694553309102,141.81464862913785,0.0,151.1685422761653,[],"[8.0, 9.824219090443036, 16.868381811433405, 20.287528543783132]","[8.0, 15.266666666666667, 18.516666666666666, 20.287528543783132]","[8.0, 15.600000000000001, 18.849999999999998, 20.287528543783132]"
136,fuel_1250,0 -> 44_1 -> 0,True,813.8273791515655,400.0,219.0612606059841,47.65661892197595,147.10949962360547,0.0,92.727800414795,[],"[8.0, 9.661191685486392, 18.659714695124222]","[8.0, 17.016666666666666, 18.659714695124222]","[8.0, 17.349999999999998, 18.659714695124222]"
137,fuel_3000,0 -> 70_2 -> 50_2 -> 0,True,1212.634389147025,400.0,558.8475038989086,121.57687057553721,132.21001467257918,0.0,229.9588859439209,[],"[8.0, 11.708224817566123, 13.53949926637104, 22.474611389273136]","[8.0, 11.708224817566123, 20.15, 22.474611389273136]","[8.0, 12.041558150899457, 20.48333333333333, 22.474611389273136]"
138,fuel_3000,0 -> 59_4 -> 40_1 -> 0,True,981.3147883597974,400.0,387.2602583470188,84.24818931753047,109.80634069524811,0.0,158.5209005232494,[],"[8.0, 10.479584079838432, 13.14676555206583, 19.737970500971617]","[8.0, 11.25, 17.866666666666667, 19.737970500971617]","[8.0, 11.583333333333334, 18.2, 19.737970500971617]"
139,fuel_3000,0 -> 8_8 -> 71_3 -> 0,True,935.531120118754,400.0,314.4001378344805,68.39752275845916,152.73345952581423,0.0,139.0564602840538,[],"[8.0, 9.420026189368091, 13.07663416767453, 21.76020176665528]","[8.0, 10.816666666666666, 19.316666666666666, 21.76020176665528]","[8.0, 11.15, 19.65, 21.76020176665528]"
140,fuel_1250,0 -> 35_1 -> 0,True,983.5155449329707,400.0,469.24345859035657,102.0835752784842,0.0,12.188511064129948,208.818931666808,[],"[8.0, 11.110436887949266, 14.586237462329258]","[8.0, 11.110436887949266, 14.586237462329258]","[8.0, 11.4437702212826, 14.586237462329258]"
